class,v^0,v^1,v^2
1,52.535935,0.1423168,0.0172364
2,13.112912,-0.134776,0.0031712
