parameter,v^0,v^1,v^2
D,0,1,0
T,1,0,0
FC,0.000918085,1.15715,9.00E-08
CH4,3.63E-04,-4.50E-06,3.51E-08
CO,0.0255784,-2.32E-04,2.51E-06
CO2,22.3792,0.826426,2.19E-03
N2O,0.00351891,1.30E-04,3.45E-07
NOx,0.118026,0.000810244,1.16E-05
PM,0.000918085,4.07E-05,9.00E-08
ROG,0.00782842,-9.76E-05,7.67E-07
SOx,0.000211322,7.82E-06,2.05E-08
