parameter,v^2,v^1,v^0
distance,0,1,0
time,0,0,1
energy,9.00003E-08,1.15715,0.000918085
CH4,3.51E-08,-4.50E-06,3.63E-04
CO,2.51E-06,-2.32E-04,0.0255784
CO2,2.19E-03,0.826426,22.3792
N2O,3.45E-07,1.30E-04,0.00351891
NOx,1.16E-05,0.000810244,0.118026
PM,9.00E-08,4.06924E-05,0.000918085
ROG,7.67E-07,-9.76E-05,0.00782842
SOx,2.04621E-08,7.82154E-06,0.000211322
